"to present/introduce so/sth | to imagine sth","ich stelle vor, du stellst vor, er/sie/es stellt vor, wir stellen vor, ihr stellt vor, sie stellen vor"
"to prepare/set/arrange sth","ich bereite zu, du bereitest zu, er/sie/es bereitet zu, wir bereiten zu, ihr bereitet zu, sie bereiten zu"
"to prepare/set/arrange sth in advance","ich bereite vor, du bereitest vor, er/sie/es bereitet vor, wir bereiten vor, ihr bereitet vor, sie bereiten vor"
"to get to know/acquainted so/sth | to meet so in person","ich lerne kennen, du lernst kennen, er/sie/es lernt kennen, wir lernen kennen, ihr lernt kennen, sie lernen kennen"
"to show so/sth | to exhibit","ich zeige, du zeigst, er/sie/es zeigt, wir zeigen, ihr zeigt, sie zeigen"
"to turn sth off (casual)","ich mache aus, du machst aus, er/sie/es macht aus, wir machen aus, ihr macht aus, sie machen aus"
"to switch sth off (normal)","ich schalte aus, du schaltest aus, er/sie/es schaltet aus, wir schalten aus, ihr schaltet aus, sie schalten aus"
"to power off (formal)","ich schalte ab, du schaltest ab, er/sie/es schaltet ab, wir schalten ab, ihr schaltet ab, sie schalten ab"
"to lean/rest on/against sth","ich lehne, du lehnst, er/sie/es lehnt, wir lehnen, ihr lehnt, sie lehnen"
"to jump/bounce/leap","ich springe, du springst, er/sie/es springt, wir springen, ihr springt, sie springen"
"to repair/fix","ich repariere, du reparierst, er/sie/es repariert, wir reparieren, ihr repariert, sie reparieren"
"to let","ich lasse, du lässt, er/sie/es lässt, wir lassen, ihr lasst, sie lassen"
"to spell sth","ich buchstabiere, du buchstabierst, er/sie/es buchstabiert, wir buchstabieren, ihr buchstabiert, sie buchstabieren"
"to forget sth","ich vergesse, du vergisst, er/sie/es vergisst, wir vergessen, ihr vergesst, sie vergessen"
"to wake up(the moment you open your eyes)","ich wache auf, du wachst auf, er/sie/es wacht auf, wir wachen auf, ihr wacht auf, sie wachen auf"
"to grow ","ich wachse, du wächst, er/sie/es wächst, wir wachsen, ihr wachst, sie wachsen"
"to think (mental process - ideas|memories )","ich denke, du denkst, er/sie/es denkt, wir denken, ihr denkt, sie denken"
"to describe sth ","ich beschreibe, du beschreibst, er/sie/es beschreibt, wir beschreiben, ihr beschreibt, sie beschreiben"
"to mean - what a word or sign means or signify(What does this signify?)","ich bedeute, du bedeutest, er/sie/es bedeutet, wir bedeuten, ihr bedeutet, sie bedeuten"
"to be happy/pleased/glad | to look forward","ich freue mich, du freust dich, er/sie/es freut sich, wir freuen uns, ihr freut euch, sie freuen sich"
"to fly","ich fliege, du fliegst, er/sie/es fliegt, wir fliegen, ihr fliegt, sie fliegen"
"to go out","ich gehe aus, du gehst aus, er/sie/es geht aus, wir gehen aus, ihr geht aus, sie gehen aus"
"to go back| to return","ich gehe zurück, du gehst zurück, er/sie/es geht zurück, wir gehen zurück, ihr geht zurück, sie gehen zurück"
"to party/celebrate","ich feiere, du feierst, er/sie/es feiert, wir feiern, ihr feiert, sie feiern"
"to participate/to take part","ich nehme teil, du nimmst teil, er/sie/es nimmt teil, wir nehmen teil, ihr nehmt teil, sie nehmen teil"
"to lose so/sth","ich verliere, du verlierst, er/sie/es verliert, wir verlieren, ihr verliert, sie verlieren"
"to come in/to enter","ich komme rein, du kommst rein, er/sie/es kommt rein, wir kommen rein, ihr kommt rein, sie kommen rein"
"to lend/borrow","ich leihe, du leihst, er/sie/es leiht, wir leihen, ihr leiht, sie leihen"
"to wish for sth| to want sth","ich wünsche, du wünschst, er/sie/es wünscht, wir wünschen, ihr wünscht, sie wünschen"
"to tell so sth|to narrate","ich erzähle, du erzählst, er/sie/es erzählt, wir erzählen, ihr erzählt, sie erzählen"
"to take a walk","ich spaziere, du spazierst, er/sie/es spaziert, wir spazieren, ihr spaziert, sie spazieren"
"to leave so/sth","ich verlasse, du verlässt, er/sie/es verlässt, wir verlassen, ihr verlasst, sie verlassen"
"to pay attention| to watch out| to watch so/sth","ich passe auf, du passt auf, er/sie/es passt auf, wir passen auf, ihr passt auf, sie passen auf"
"to mean/think - what a person wants to say / think(What do you mean by that?)","ich meine, du meinst, er/sie/es meint, wir meinen, ihr meint, sie meinen"
"to hang","ich hänge, du hängst, er/sie/es hängt, wir hängen, ihr hängt, sie hängen"
"to halt/stop/hold/keep sth | to consider/regard","ich halte, du hältst, er/sie/es hält, wir halten, ihr haltet, sie halten"
"to push( with force)","ich stoße, du stößt, er/sie/es stößt, wir stoßen, ihr stoßt, sie stoßen"
"to allow/permit(The act of granting permission)","ich erlaube, du erlaubst, er/sie/es erlaubt, wir erlauben, ihr erlaubt, sie erlauben"
"to examine/check(MED) | to investigate sth","ich untersuche, du untersuchst, er/sie/es untersucht, wir untersuchen, ihr untersucht, sie untersuchen"
"to try|attempt (ie trying/attempting to do something)","ich versuche, du versuchst, er/sie/es versucht, wir versuchen, ihr versucht, sie versuchen"
"to fall asleep","ich schlafe ein, du schläfst ein, er/sie/es schläft ein, wir schlafen ein, ihr schlaft ein, sie schlafen ein"
"to suspect|assume|guess sth","ich vermute, du vermutest, er/sie/es vermutet, wir vermuten, ihr vermutet, sie vermuten"
"to put/place/lay vertically (bottle/vase etc)","ich stelle, du stellst, er/sie/es stellt, wir stellen, ihr stellt, sie stellen"
"to die|pass away","ich sterbe, du stirbst, er/sie/es stirbt, wir sterben, ihr sterbt, sie sterben"
"to rinse/flush (quick cleaning|Removing residue with water)","ich spüle, du spülst, er/sie/es spült, wir spülen, ihr spült, sie spülen"
"to shower|take a shower","ich dusche, du duschst, er/sie/es duscht, wir duschen, ihr duscht, sie duschen"
"to roll(eg rolling ball)","ich rolle, du rollst, er/sie/es rollt, wir rollen, ihr rollt, sie rollen"
"to circle|revolve","ich kreise, du kreist, er/sie/es kreist, wir kreisen, ihr kreist, sie kreisen"
"to climb","ich klettere, du kletterst, er/sie/es klettert, wir klettern, ihr klettert, sie klettern"
"to flow","ich fließe, du fließt, er/sie/es fließt, wir fließen, ihr fließt, sie fließen"
"to throw","ich werfe, du wirfst, er/sie/es wirft, wir werfen, ihr werft, sie werfen"
"to set| to seat(someone)","ich setze, du setzt, er/sie/es setzt, wir setzen, ihr setzt, sie setzen"
"to expect|anticipate so/sth","ich erwarte, du erwartest, er/sie/es erwartet, wir erwarten, ihr erwartet, sie erwarten"
"to share|divide|split sth","ich teile, du teilst, er/sie/es teilt, wir teilen, ihr teilt, sie teilen"
"to practise|train|rehearse","ich übe, du übst, er/sie/es übt, wir üben, ihr übt, sie üben"
"read","ich habe gelesen, du hast gelesen, er/sie/es hat gelesen, wir haben gelesen, ihr habt gelesen, sie haben gelesen"
"drank","ich habe getrunken, du hast getrunken, er/sie/es hat getrunken, wir haben getrunken, ihr habt getrunken, sie haben getrunken"
"eaten","ich habe gegessen, du hast gegessen, er/sie/es hat gegessen, wir haben gegessen, ihr habt gegessen, sie haben gegessen"
"seen","ich habe gesehen, du hast gesehen, er/sie/es hat gesehen, wir haben gesehen, ihr habt gesehen, sie haben gesehen"
"heard","ich habe gehört, du hast gehört, er/sie/es hat gehört, wir haben gehört, ihr habt gehört, sie haben gehört"
"played","ich habe gespielt, du hast gespielt, er/sie/es hat gespielt, wir haben gespielt, ihr habt gespielt, sie haben gespielt"
"met","ich habe getroffen, du hast getroffen, er/sie/es hat getroffen, wir haben getroffen, ihr habt getroffen, sie haben getroffen"
"said","ich habe gesagt, du hast gesagt, er/sie/es hat gesagt, wir haben gesagt, ihr habt gesagt, sie haben gesagt"
"telephoned","ich habe telefoniert, du hast telefoniert, er/sie/es hat telefoniert, wir haben telefoniert, ihr habt telefoniert, sie haben telefoniert"
"paid","ich habe bezahlt, du hast bezahlt, er/sie/es hat bezahlt, wir haben bezahlt, ihr habt bezahlt, sie haben bezahlt"
"asked","ich habe gefragt, du hast gefragt, er/sie/es hat gefragt, wir haben gefragt, ihr habt gefragt, sie haben gefragt"
"made/did/done","ich habe gemacht, du hast gemacht, er/sie/es hat gemacht, wir haben gemacht, ihr habt gemacht, sie haben gemacht"
"gone","ich bin gegangen, du bist gegangen, er/sie/es ist gegangen, wir sind gegangen, ihr seid gegangen, sie sind gegangen"
"lost","ich habe verloren, du hast verloren, er/sie/es hat verloren, wir haben verloren, ihr habt verloren, sie haben verloren"
"placed|put(to place horizontal eg Handy/Book etc)","ich habe gelegt, du hast gelegt, er/sie/es hat gelegt, wir haben gelegt, ihr habt gelegt, sie haben gelegt"
"placed|put(to place vertically eg bottle/vase etc)","ich habe gestellt, du hast gestellt, er/sie/es hat gestellt, wir haben gestellt, ihr habt gestellt, sie haben gestellt"
"located|situated (to lie|recline)","ich habe gelegen, du hast gelegen, er/sie/es hat gelegen, wir haben gelegen, ihr habt gelegen, sie haben gelegen"
"drive (to drive)","ich bin gefahren, du bist gefahren, er/sie/es ist gefahren, wir sind gefahren, ihr seid gefahren, sie sind gefahren"
"brought (to bring)","ich habe gebracht, du hast gebracht, er/sie/es hat gebracht, wir haben gebracht, ihr habt gebracht, sie haben gebracht"
"forwarded|send","ich habe geschickt, du hast geschickt, er/sie/es hat geschickt, wir haben geschickt, ihr habt geschickt, sie haben geschickt"
"travelled","ich bin gereist, du bist gereist, er/sie/es ist gereist, wir sind gereist, ihr seid gereist, sie sind gereist"
"bought(to buy)","ich habe gekauft, du hast gekauft, er/sie/es hat gekauft, wir haben gekauft, ihr habt gekauft, sie haben gekauft"
"slept (to sleep)","ich habe geschlafen, du hast geschlafen, er/sie/es hat geschlafen, wir haben geschlafen, ihr habt geschlafen, sie haben geschlafen"
"helped","ich habe geholfen, du hast geholfen, er/sie/es hat geholfen, wir haben geholfen, ihr habt geholfen, sie haben geholfen"
"written","ich habe geschrieben, du hast geschrieben, er/sie/es hat geschrieben, wir haben geschrieben, ihr habt geschrieben, sie haben geschrieben"
"stood(to stand)","ich habe gestanden, du hast gestanden, er/sie/es hat gestanden, wir haben gestanden, ihr habt gestanden, sie haben gestanden"
"waited(to wait)","ich habe gewartet, du hast gewartet, er/sie/es hat gewartet, wir haben gewartet, ihr habt gewartet, sie haben gewartet"
"visited(to visit)","ich habe besucht, du hast besucht, er/sie/es hat besucht, wir haben besucht, ihr habt besucht, sie haben besucht"
"gifted(to gift)","ich habe geschenkt, du hast geschenkt, er/sie/es hat geschenkt, wir haben geschenkt, ihr habt geschenkt, sie haben geschenkt"
"walked","ich bin spaziert, du bist spaziert, er/sie/es ist spaziert, wir sind spaziert, ihr seid spaziert, sie sind spaziert"
"Jumped","ich bin gesprungen, du bist gesprungen, er/sie/es ist gesprungen, wir sind gesprungen, ihr seid gesprungen, sie sind gesprungen"
"sat(to sit)","ich habe gesessen, du hast gesessen, er/sie/es hat gesessen, wir haben gesessen, ihr habt gesessen, sie haben gesessen"
"worked","ich habe gearbeitet, du hast gearbeitet, er/sie/es hat gearbeitet, wir haben gearbeitet, ihr habt gearbeitet, sie haben gearbeitet"
"Learned","ich habe gelernt, du hast gelernt, er/sie/es hat gelernt, wir haben gelernt, ihr habt gelernt, sie haben gelernt"
"cooked","ich habe gekocht, du hast gekocht, er/sie/es hat gekocht, wir haben gekocht, ihr habt gekocht, sie haben gekocht"
"ran|walked|went","ich bin gelaufen, du bist gelaufen, er/sie/es ist gelaufen, wir sind gelaufen, ihr seid gelaufen, sie sind gelaufen"
"cleaned","ich habe geputzt, du hast geputzt, er/sie/es hat geputzt, wir haben geputzt, ihr habt geputzt, sie haben geputzt"
"came|come|arrived","ich bin gekommen, du bist gekommen, er/sie/es ist gekommen, wir sind gekommen, ihr seid gekommen, sie sind gekommen"
"found","ich habe gefunden, du hast gefunden, er/sie/es hat gefunden, wir haben gefunden, ihr habt gefunden, sie haben gefunden"
"taken|took","ich habe genommen, du hast genommen, er/sie/es hat genommen, wir haben genommen, ihr habt genommen, sie haben genommen"
"spoken|spoke|talked","ich habe gesprochen, du hast gesprochen, er/sie/es hat gesprochen, wir haben gesprochen, ihr habt gesprochen, sie haben gesprochen"
"collected|picked up","ich habe abgeholt, du hast abgeholt, er/sie/es hat abgeholt, wir haben abgeholt, ihr habt abgeholt, sie haben abgeholt"
"answered|replied|responded ","ich habe geantwortet, du hast geantwortet, er/sie/es hat geantwortet, wir haben geantwortet, ihr habt geantwortet, sie haben geantwortet"
"gave|given","ich habe gegeben, du hast gegeben, er/sie/es hat gegeben, wir haben gegeben, ihr habt gegeben, sie haben gegeben"